{
  "rules": {
    "chat-messages": {
      ".read": "auth !== null",
      
      "$messageId": {
        ".write": "!data.exists() || data.child('uid').val() === auth.uid",
          
        "uid" : { ".validate": "newData.val() === auth.uid" },
        "message": { ".validate": "newData.isString()" },
        "author": { ".validate": "newData.isString()" },
        "photoURL": { ".validate": "newData.isString()" },
        "created_at": { ".validate": "newData.isString() "},
        "$other": { ".validate": false }
      }
    }
  }
}